<?xml version="1.0" encoding="UTF-8"?>
<project-private xmlns="http://www.netbeans.org/ns/project-private/1">
    <editor-bookmarks xmlns="http://www.netbeans.org/ns/editor-bookmarks/2" lastBookmarkId="0"/>
    <open-files xmlns="http://www.netbeans.org/ns/projectui-open-files/2">
        <group>
            <file>file:/C:/Users/L%20E%20N%20O%20V%20O/Downloads/ProyectoPOO/ProyectoPOO/src/view/MenuInteractivo.java</file>
            <file>file:/C:/Users/L%20E%20N%20O%20V%20O/Downloads/ProyectoPOO/ProyectoPOO/src/model/PlanMovil.java</file>
            <file>file:/C:/Users/L%20E%20N%20O%20V%20O/Downloads/ProyectoPOO/ProyectoPOO/src/model/DatabaseManager.java</file>
            <file>file:/C:/Users/L%20E%20N%20O%20V%20O/Downloads/ProyectoPOO/ProyectoPOO/src/model/PlanDAO.java</file>
            <file>file:/C:/Users/L%20E%20N%20O%20V%20O/Downloads/ProyectoPOO/ProyectoPOO/src/model/PlanPostPagoMinutos.java</file>
            <file>file:/C:/Users/L%20E%20N%20O%20V%20O/Downloads/ProyectoPOO/ProyectoPOO/src/model/Factura.java</file>
            <file>file:/C:/Users/L%20E%20N%20O%20V%20O/Downloads/ProyectoPOO/ProyectoPOO/src/view/ReporteUtils.java</file>
            <file>file:/C:/Users/L%20E%20N%20O%20V%20O/Downloads/ProyectoPOO/ProyectoPOO/src/view/ValidacionUtils.java</file>
            <file>file:/C:/Users/L%20E%20N%20O%20V%20O/Downloads/ProyectoPOO/ProyectoPOO/src/model/PlanPostPagoMinutosEconomico.java</file>
            <file>file:/C:/Users/L%20E%20N%20O%20V%20O/Downloads/ProyectoPOO/ProyectoPOO/src/model/PlanPostPagoMinutosMegas.java</file>
            <file>file:/C:/Users/L%20E%20N%20O%20V%20O/Downloads/ProyectoPOO/ProyectoPOO/src/model/PlanPostPagoMegas.java</file>
            <file>file:/C:/Users/L%20E%20N%20O%20V%20O/Downloads/ProyectoPOO/ProyectoPOO/src/model/Cliente.java</file>
            <file>file:/C:/Users/L%20E%20N%20O%20V%20O/Downloads/ProyectoPOO/ProyectoPOO/src/model/ClienteDAO.java</file>
        </group>
    </open-files>
</project-private>
